﻿pos_x,pos_y,rotation,side,designator,mpn,pack,value,mount_type,place
116.9358,-79.8068,0.0,top,+,,TestPoint_Pad_2.0x2.0mm,ESP_BAT_PWR,tht,False
120.1608,-79.8068,0.0,top,-,,TestPoint_Pad_2.0x2.0mm,ESP_BAT_GND,tht,False
127.508,-79.8068,180.0,top,BAT,,JST_PH_S2B-PH-K_1x02_P2.00mm_Horizontal,Power,tht,True
121.42755,-107.906338,-90.0,top,C1,,C_0603_1608Metric_Pad1.08x0.95mm_HandSolder,0.1uF,smt,True
127.50705,-107.94985,-90.0,top,C2,,C_0603_1608Metric_Pad1.08x0.95mm_HandSolder,4.7uF,smt,True
148.827,-101.90075,90.0,top,C3,,C_0603_1608Metric_Pad1.08x0.95mm_HandSolder,100nF,smt,True
148.827,-94.505582,90.0,top,C4,,C_0603_1608Metric_Pad1.08x0.95mm_HandSolder,100nF,smt,True
148.827,-87.14675,90.0,top,C5,,C_0603_1608Metric_Pad1.08x0.95mm_HandSolder,100nF,smt,True
148.827,-79.96525,90.0,top,C6,,C_0603_1608Metric_Pad1.08x0.95mm_HandSolder,100nF,smt,True
117.475,-116.8635,-90.0,top,D1,,LTSTS220KFKT,LED,smt,True
110.998,-68.199,0.0,top,H1,,MountingHole_2.2mm_M2,MountingHole,tht,False
133.731,-114.935,0.0,top,H2,,MountingHole_2.2mm_M2,MountingHole,tht,False
110.871,-114.935,0.0,top,H2,,MountingHole_2.2mm_M2,MountingHole,tht,False
133.858,-68.072,0.0,top,H2,,MountingHole_2.2mm_M2,MountingHole,tht,False
124.50705,-107.99985,0.0,top,IC1,,SOT95P284X110-6N,SIP32510DT-T1-GE3,smt,True
145.927,-101.876,90.0,top,IC2,,QFN65P300X300X84-12N,DA7281-00FVC,smt,True
145.927,-94.480832,90.0,top,IC3,,QFN65P300X300X84-12N,DA7281-00FVC,smt,True
145.952,-87.122,90.0,top,IC4,,QFN65P300X300X84-12N,DA7281-00FVC,smt,True
145.952,-79.9405,90.0,top,IC5,,QFN65P300X300X84-12N,DA7281-00FVC,smt,True
134.162,-74.481012,0.0,top,J1,,PinSocket_1x13_P2.54mm_Vertical,ESP32 left,tht,True
111.302,-74.481012,0.0,top,J2,,PinSocket_1x13_P2.54mm_Vertical,ESP32 right,tht,True
153.2535,-101.897012,90.0,top,M1,,JST_PH_S2B-PH-K_1x02_P2.00mm_Horizontal,M1,tht,True
153.2535,-94.531012,90.0,top,M2,,JST_PH_S2B-PH-K_1x02_P2.00mm_Horizontal,M2,tht,True
153.2535,-87.165012,90.0,top,M3,,JST_PH_S2B-PH-K_1x02_P2.00mm_Horizontal,M3,tht,True
153.2535,-79.799012,90.0,top,M4,,JST_PH_S2B-PH-K_1x02_P2.00mm_Horizontal,M4,tht,True
118.725,-112.649,-90.0,top,R1,,R_0603_1608Metric_Pad0.98x0.95mm_HandSolder,100,smt,True
142.1645,-85.647,180.0,top,R10,,R_0603_1608Metric_Pad0.98x0.95mm_HandSolder,2k2,smt,True
142.1395,-81.4155,180.0,top,R11,,R_0603_1608Metric_Pad0.98x0.95mm_HandSolder,5k6,smt,True
142.1395,-79.9405,180.0,top,R12,,R_0603_1608Metric_Pad0.98x0.95mm_HandSolder,2k2,smt,True
142.1395,-78.4655,180.0,top,R13,,R_0603_1608Metric_Pad0.98x0.95mm_HandSolder,2k2,smt,True
142.0895,-103.351,180.0,top,R2,,R_0603_1608Metric_Pad0.98x0.95mm_HandSolder,5k6,smt,True
142.0895,-101.876,180.0,top,R3,,R_0603_1608Metric_Pad0.98x0.95mm_HandSolder,2k2,smt,True
142.0895,-100.401,180.0,top,R4,,R_0603_1608Metric_Pad0.98x0.95mm_HandSolder,2k2,smt,True
142.0895,-95.955832,180.0,top,R5,,R_0603_1608Metric_Pad0.98x0.95mm_HandSolder,5k6,smt,True
142.0895,-94.480832,180.0,top,R6,,R_0603_1608Metric_Pad0.98x0.95mm_HandSolder,2k2,smt,True
142.0895,-93.005832,180.0,top,R7,,R_0603_1608Metric_Pad0.98x0.95mm_HandSolder,2k2,smt,True
142.1645,-88.597,180.0,top,R8,,R_0603_1608Metric_Pad0.98x0.95mm_HandSolder,5k6,smt,True
142.1645,-87.122,180.0,top,R9,,R_0603_1608Metric_Pad0.98x0.95mm_HandSolder,2k2,smt,True
125.3236,-116.0272,180.0,top,S1,,450404015514,450404015514,smt,True
