﻿designator,quantity,value,pack,mpn,mount_type
+,1,ESP_BAT_PWR,TestPoint_Pad_2.0x2.0mm,,tht
-,1,ESP_BAT_GND,TestPoint_Pad_2.0x2.0mm,,tht
BAT,1,Power,JST_PH_S2B-PH-K_1x02_P2.00mm_Horizontal,,tht
C1,1,0.1uF,C_0603_1608Metric_Pad1.08x0.95mm_HandSolder,,smt
C2,1,4.7uF,C_0603_1608Metric_Pad1.08x0.95mm_HandSolder,,smt
"C3, C4, C5, C6",4,100nF,C_0603_1608Metric_Pad1.08x0.95mm_HandSolder,,smt
D1,1,LED,LTSTS220KFKT,,smt
"H1, H2, H2, H2",4,MountingHole,MountingHole_2.2mm_M2,,tht
IC1,1,SIP32510DT-T1-GE3,SOT95P284X110-6N,,smt
"IC2, IC3, IC4, IC5",4,DA7281-00FVC,QFN65P300X300X84-12N,,smt
J1,1,ESP32 left,PinSocket_1x13_P2.54mm_Vertical,,tht
J2,1,ESP32 right,PinSocket_1x13_P2.54mm_Vertical,,tht
M1,1,M1,JST_PH_S2B-PH-K_1x02_P2.00mm_Horizontal,,tht
M2,1,M2,JST_PH_S2B-PH-K_1x02_P2.00mm_Horizontal,,tht
M3,1,M3,JST_PH_S2B-PH-K_1x02_P2.00mm_Horizontal,,tht
M4,1,M4,JST_PH_S2B-PH-K_1x02_P2.00mm_Horizontal,,tht
R1,1,100,R_0603_1608Metric_Pad0.98x0.95mm_HandSolder,,smt
"R10, R12, R13, R3, R4, R6, R7, R9",8,2k2,R_0603_1608Metric_Pad0.98x0.95mm_HandSolder,,smt
"R11, R2, R5, R8",4,5k6,R_0603_1608Metric_Pad0.98x0.95mm_HandSolder,,smt
S1,1,450404015514,450404015514,,smt
